course_structure,program_type,course_code
quarter,grad,anim
quarter,grad,arch
quarter,grad,aadm
quarter,grad,arth
quarter,grad,aaml
quarter,grad,dsre
quarter,grad,digm
quarter,grad,dmvp
quarter,grad,fash
quarter,grad,gmap
quarter,grad,intr
quarter,grad,musl
quarter,grad,rmer
quarter,grad,scrp
quarter,grad,tvmn
quarter,grad,urbs
quarter,grad,uxid
quarter,grad,vrim
quarter,grad,vsst
quarter,grad,west
quarter,grad,cie
quarter,grad,coop
quarter,grad,bio
quarter,grad,chem
quarter,grad,com
quarter,grad,ccm
quarter,grad,cw
quarter,grad,envp
quarter,grad,envs
quarter,grad,geo
quarter,grad,ling
quarter,grad,math
quarter,grad,phys
quarter,grad,psci
quarter,grad,psy
quarter,grad,plcy
quarter,grad,pub
quarter,grad,scts
quarter,grad,acct
quarter,grad,bsan
quarter,grad,stat
quarter,grad,stat
quarter,grad,econ
quarter,grad,entp
quarter,grad,fin
quarter,grad,busn
quarter,grad,hsad
quarter,grad,inds
quarter,grad,intb
quarter,grad,blaw
quarter,grad,mis
quarter,grad,mgmt
quarter,grad,opr
quarter,grad,mntg
quarter,grad,opr
quarter,grad,opgb
quarter,grad,pom
quarter,grad,proj
quarter,grad,smt
quarter,grad,tax
quarter,grad,sced
quarter,grad,cs
quarter,grad,ct
quarter,grad,ci
quarter,grad,dsci
quarter,grad,info
quarter,grad,se
quarter,grad,ae
quarter,grad,chem
quarter,grad,cive
quarter,grad,caee
quarter,grad,cmgt
quarter,grad,ecec
quarter,grad,ecep
quarter,grad,eces
quarter,grad,ece
quarter,grad,egeo
quarter,grad,egmt
quarter,grad,et
quarter,grad,engr
quarter,grad,enve
quarter,grad,mate
quarter,grad,mem
quarter,grad,peng
quarter,grad,real
quarter,grad,syse
quarter,grad,ecet
quarter,grad,npm
quarter,grad,prst
quarter,grad,lstu
quarter,grad,nupr
quarter,grad,bacs
quarter,grad,cit
quarter,grad,cftx
quarter,grad,cftp
quarter,grad,ctcn
quarter,grad,fdscfood
quarter,grad,hrsc
quarter,grad,hrm
quarter,grad,ips
quarter,grad,neur
quarter,grad,nurs
quarter,grad,nhp
quarter,grad,nfs
quarter,grad,ptrs
quarter,grad,pa
quarter,grad,rhab
quarter,grad,rsch
quarter,grad,bst
quarter,grad,chp
quarter,grad,eoh
quarter,grad,epi
quarter,grad,hmp
quarter,grad,pbhl
quarter,grad,bmes
quarter,grad,edae
quarter,grad,aba
quarter,grad,crtv
quarter,grad,ell
quarter,grad,ehrd
quarter,grad,eit
quarter,grad,edlt
quarter,grad,edul
quarter,grad,edup
quarter,grad,edut
quarter,grad,edgi
quarter,grad,edam
quarter,grad,edls
quarter,grad,edpo
quarter,grad,edhe
quarter,grad,istm
quarter,grad,mted
quarter,grad,edsp
quarter,grad,edex
quarter,grad,scl
quarter,grad,educ
quarter,undergrad,adgd
quarter,undergrad,anim
quarter,undergrad,arch
quarter,undergrad,arth
quarter,undergrad,danc
quarter,undergrad,dsmr
quarter,undergrad,digm
quarter,undergrad,dmvp
quarter,undergrad,eam
quarter,undergrad,evgd
quarter,undergrad,fash
quarter,undergrad,fmtv
quarter,undergrad,fmst
quarter,undergrad,gmap
quarter,undergrad,vscm
quarter,undergrad,idm
quarter,undergrad,intr
quarter,undergrad,musc
quarter,undergrad,mip
quarter,undergrad,prfa
quarter,undergrad,phto
quarter,undergrad,retl
quarter,undergrad,scrp
quarter,undergrad,tvst
quarter,undergrad,thtr
quarter,undergrad,uxid
quarter,undergrad,vrim
quarter,undergrad,vsst
quarter,undergrad,wmgd
quarter,undergrad,west
quarter,undergrad,crtv
quarter,undergrad,ehrd
quarter,undergrad,edlt
quarter,undergrad,mted
quarter,undergrad,estm
quarter,undergrad,edex
quarter,undergrad,scl
quarter,undergrad,educ
quarter,undergrad,afas
quarter,undergrad,anth
quarter,undergrad,arbc
quarter,undergrad,as-i
quarter,undergrad,bio
quarter,undergrad,chec
quarter,undergrad,chem
quarter,undergrad,chin
quarter,undergrad,com
quarter,undergrad,cjs
quarter,undergrad,engl
quarter,undergrad,esl
quarter,undergrad,envs
quarter,undergrad,enss
quarter,undergrad,fye
quarter,undergrad,fren
quarter,undergrad,geo
quarter,undergrad,ger
quarter,undergrad,gst
quarter,undergrad,hbrw
quarter,undergrad,hist
quarter,undergrad,hum
quarter,undergrad,istm
quarter,undergrad,ital
quarter,undergrad,japn
quarter,undergrad,jwst
quarter,undergrad,kor
quarter,undergrad,lang
quarter,undergrad,ling
quarter,undergrad,math
quarter,undergrad,mena
quarter,undergrad,neus
quarter,undergrad,phil
quarter,undergrad,ppe
quarter,undergrad,phys
quarter,undergrad,phev
quarter,undergrad,psci
quarter,undergrad,psy
quarter,undergrad,rels
quarter,undergrad,scts
quarter,undergrad,soc
quarter,undergrad,span
quarter,undergrad,wgst
quarter,undergrad,writ
quarter,undergrad,acct
quarter,undergrad,bsan
quarter,undergrad,stat
quarter,undergrad,econ
quarter,undergrad,entp
quarter,undergrad,fin
quarter,undergrad,busn
quarter,undergrad,hsad
quarter,undergrad,hrmt
quarter,undergrad,intb
quarter,undergrad,blaw
quarter,undergrad,mgmt
quarter,undergrad,mis
quarter,undergrad,mktg
quarter,undergrad,opm
quarter,undergrad,opr
quarter,undergrad,orgb
quarter,undergrad,proj
quarter,undergrad,remd
quarter,undergrad,smt
quarter,undergrad,tax
quarter,undergrad,cs
quarter,undergrad,ct
quarter,undergrad,ci
quarter,undergrad,dsci
quarter,undergrad,info
quarter,undergrad,se
quarter,undergrad,civic
quarter,undergrad,ae
quarter,undergrad,bet
quarter,undergrad,che
quarter,undergrad,cae
quarter,undergrad,cive
quarter,undergrad,caee
quarter,undergrad,cet
quarter,undergrad,cmgt
quarter,undergrad,ecec
quarter,undergrad,ecee
quarter,undergrad,ecep
quarter,undergrad,eces
quarter,undergrad,ece
quarter,undergrad,ecel
quarter,undergrad,eet
quarter,undergrad,egmt
quarter,undergrad,engr
quarter,undergrad,enve
quarter,undergrad,inde
quarter,undergrad,met
quarter,undergrad,mem
quarter,undergrad,mht
quarter,undergrad,peng
quarter,undergrad,real
quarter,undergrad,syse
quarter,undergrad,gstd
quarter,undergrad,prst
quarter,undergrad,law
quarter,undergrad,anat
quarter,undergrad,bacs
quarter,undergrad,bmes
quarter,undergrad,cit
quarter,undergrad,cula
quarter,undergrad,esci
quarter,undergrad,fdsc
quarter,undergrad,hsci
quarter,undergrad,hrm
quarter,undergrad,nurs
quarter,undergrad,nfs
quarter,undergrad,csdn
quarter,undergrad,hnrs
quarter,undergrad,pbhl
quarter,undergrad,bmes
quarter,undergrad,exam
quarter,undergrad,coop
quarter,undergrad,mlsc
quarter,undergrad,nsc
semester,grad,law
semester,grad,lstu
semester,grad,anat
semester,grad,bioc
semester,grad,cbio
semester,grad,crtv
semester,grad,crhp
semester,grad,dpms
semester,grad,fca
semester,grad,mfsp
semester,grad,mhpp
semester,grad,imsp
semester,grad,idpt
semester,grad,ihs
semester,grad,mmsp
semester,grad,mlas
semester,grad,miim
semester,grad,mcbg
semester,grad,cmca
semester,grad,neur
semester,grad,oto
semester,grad,mspa
semester,grad,path
semester,grad,phrm
semester,grad,phgy
semester,grad,pmed
semester,grad,anat
semester,grad,anes
semester,grad,bioc
semester,grad,ctsu
semester,grad,cpmh
semester,grad,cpmd
semester,grad,crit
semester,grad,derm
semester,grad,emmd
semester,grad,famd
semester,grad,mpp
semester,grad,gene
semester,grad,idpt
semester,grad,medi
semester,grad,mmim
semester,grad,neul
semester,grad,neur
semester,grad,nesu
semester,grad,obgyn
semester,grad,omed
semester,grad,orth
semester,grad,otol
semester,grad,path
semester,grad,peds
semester,grad,phrm
semester,grad,pmrm
semester,grad,pilm
semester,grad,psyc
semester,grad,raon
semester,grad,radi
semester,grad,surg
semester,grad,womn
semester,undergrad,emmd
semester,undergrad,famd
semester,undergrad,medi
semester,undergrad,neul
semester,undergrad,obgy
semester,undergrad,omed
semester,undergrad,orth
semester,undergrad,otol
semester,undergrad,path
semester,undergrad,peds
semester,undergrad,psyc
semester,undergrad,surg
semester,undergrad,bioc
semester,undergrad,chlc
semester,undergrad,mspp
semester,undergrad,pmed